﻿<?xml version="1.0" encoding="utf-8" ?> 
<counters>
  <category name="Sitecore.Caching" description="Sitecore caching related counters">
    <counter name="CacheClearings" description="Total number of times that an instance of a cache has been cleared."/>
    <counter name="CacheHits" description="Total number of cache hits for all caches."/>
    <counter name="CacheMisses" description="Total number of cache hits for all caches."/>
    <counter name="CredentialCacheClearings" description="Total number of times that an instance of a credential cache has been cleared."/>
    <counter name="CredentialCacheHits" description="Total number of cache hits for all credential caches."/>
    <counter name="CredentialCacheMisses" description="Total number of cache hits for all credential caches."/>
    <counter name="DataCacheClearings" description="Total number of times that an instance of a data cache has been cleared."/>
    <counter name="DataCacheHits" description="Total number of cache hits for all data caches."/>
    <counter name="DataCacheMisses" description="Total number of cache hits for all data caches."/>
    <counter name="DataSourceCacheClearings" description="Total number of times that an instance of a data source cache has been cleared."/>
    <counter name="DataSourceCacheHits" description="Total number of cache hits for all data source caches."/>
    <counter name="DataSourceCacheMisses" description="Total number of cache hits for all data source caches."/>
    <counter name="HtmlCacheClearings" description="Total number of times that an instance of a html cache has been cleared."/>
    <counter name="HtmlCacheHits" description="Total number of cache hits for all html caches."/>
    <counter name="HtmlCacheMisses" description="Total number of cache hits for all html caches."/>
    <counter name="PathCacheClearings" description="Total number of times that an instance of a path cache has been cleared."/>
    <counter name="PathCacheHits" description="Total number of cache hits for all path caches."/>
    <counter name="PathCacheMisses" description="Total number of cache hits for all path caches."/>
    <counter name="RegistryCacheClearings" description="Total number of times that an instance of a registry cache has been cleared."/>
    <counter name="RegistryCacheHits" description="Total number of cache hits for all registry caches."/>
    <counter name="RegistryCacheMisses" description="Total number of cache hits for all registry caches."/>
    <counter name="ViewStateCacheClearings" description="Total number of times that an instance of a view state cache has been cleared."/>
    <counter name="ViewStateCacheHits" description="Total number of cache hits for all view state caches."/>
    <counter name="ViewStateCacheMisses" description="Total number of cache hits for all view state caches."/>
    <counter name="XslCacheClearings" description="Total number of times that an instance of a xsl cache has been cleared."/>
    <counter name="XslCacheHits" description="Total number of cache hits for all xsl caches."/>
    <counter name="XslCacheMisses" description="Total number of cache hits for all xsl caches."/>
  </category>
  <category name="Sitecore.Data" description="Sitecore data related counters">
    <counter name="Data.ClientDataReads" description="The total number of client data values that have been read."/>
    <counter name="Data.ClientDataWrites" description="The total number of client data values that have been written."/>
    <counter name="Data.ItemsAccessed" description="The total number of items that have been accessed."/>
    <counter name="Data.PhysicalReads" description="The total number of read operations that have been performed against the physical storage medium (typically a RDBMS)."/>
    <counter name="Data.PhysicalWrites" description="The total number of write operations that have been performed against the physical storage medium (typically a RDBMS)."/>
    <counter name="Globalization.TextsTranslated" description="The total number of texts that have been translated."/>
    <counter name="Globalization.TranslateFailed" description="The total number of times a translate operation has failed (ie. the text was not in the dictionary)."/>
    <counter name="Links.FieldsExamined" description="The total number of fields that have been scanned for links."/>
    <counter name="Links.DataRead" description="The total number of read operations that have been performed against the link database."/>
    <counter name="Links.DataUpdated" description="The total number of update operations that have been performed against the link database."/>
    <counter name="Packager.PackagesBuilt" description="The total number of packages that have been built."/>
    <counter name="Packager.PackagesInstalled" description="The total number of packages tahe have been installed."/>
    <counter name="Shadows.DataRead" description="The total number of read operations that have been performed against the shadows database."/>
    <counter name="Shadows.DataUpdated" description="The total number of update operations that have been performed against the shadows database."/>
    <counter name="SqlServerStream.OpenStreams" description="The number of concurrent open streams from SQL Server."/>
    <counter name="StreamSharer.OpenStreams" description="The number of concurrent shared media streams."/>
    <counter name="Workflow.ActionsExecuted" description="The total number of workflow actions that have been executed."/>
    <counter name="Workflow.SecurityResolved" description="The total number of times the workflow engine has resolved an access request."/>
    <counter name="Workflow.StateChanges" description="The total number of times that a workflow has changed state."/>
  </category>
  <category name="Sitecore.Jobs" description="Sitecore job related counters">
    <counter name="Jobs.JobsExecuted" description="The total number of jobs that have been executed."/>
    <counter name="Pipelines.PipelinesAborted" description="The total number of times a pipeline was aborted."/>
    <counter name="Pipelines.PipelinesExecuted" description="The total number of times a pipeline was executed."/>
    <counter name="Pipelines.ProcessorsExecuted" description="The total number of processors that have been executed."/>
    <counter name="Publishing.FullPublishings" description="The total number of times a full publishing operation has been performed."/>
    <counter name="Publishing.IncrementalPublishings" description="The total number of times an incremental publishing operation has been performed."/>
    <counter name="Publishing.ItemPublishings" description="The total number of times an item publishing operation has been performed."/>
    <counter name="Publishing.ItemsExamined" description="The total number of items that have been examined as candidates for publishing."/>
    <counter name="Publishing.ItemsPublished" description="The total number of items that have been published to the web site."/>
    <counter name="Publishing.ItemsQueued" description="The total number of items that have been queued for publishing."/>
    <counter name="Publishing.Replacements" description="The total number of publishing replacement operations that have been performed."/>
    <counter name="Publishing.SmartPublishings" description="The total number of times a smart publishing operation has been performed."/>
    <counter name="Publishing.TotalPublishings" description="The total number of publishings that have been performed."/>
    <counter name="Tasks.FileCleanups" description="The total number of times the CleanupAgent task has been run."/>
    <counter name="Tasks.HtmlCacheClearings" description="The total number of times the HtmlCacheClearAgent task has been run."/>
    <counter name="Tasks.ItemsArchived" description="The total number of items that have been archived."/>
    <counter name="Tasks.Publishings" description="The total number of times the PublishAgent task has been run."/>
    <counter name="Tasks.RemindersSent" description="The total number of reminders that have been sent."/>
    <counter name="Tasks.TasksExecuted" description="The total number of tasks that has been run."/>
  </category>
  <category name="Sitecore.Presentation" description="Sitecore presentation related counters">
    <counter name="Context.SiteChanged" description="The total number of times the active site has been changed by the API."/>
    <counter name="Context.ThreadDataAccessed" description="The total number of times the local thread data has been accessed."/>
    <counter name="Media.FastMediaCacheHits" description="Not used in CMS 6 and later. Total number of cache hits for fast media cache."/>
    <counter name="Media.FastMediaCacheMisses" description="Not used in CMS 6 and later. Total number of cache misses for fast media cache."/>
    <counter name="Media.StandardMediaCacheHits" description="Not used in CMS 6 and later. Total number of cache hits for standard media cache."/>
    <counter name="Media.StandardMediaCacheMisses" description="Not used in CMS 6 and later. Total number of cache misses for standard media cache."/>
    <counter name="Media.CacheHits" description="Total number of cache hits for media cache."/>
    <counter name="Media.CacheMisses" description="Total number of cache misses for media cache."/>
    <counter name="Rendering.ControlsRendered" description="The total number of Sitecore controls rendered."/>
    <counter name="Rendering.ControlsRenderedFromCache" description="The total number of Sitecore controls rendered from a cache."/>
    <counter name="Rendering.PagesGenerated" description="The total number of web pages generated by Sitecore."/>
    <counter name="Rendering.RenderingsRendered" description="The total number of Renderings rendered."/>
    <counter name="Rendering.SublayoutsRendered" description="The total number of Sublayouts rendered."/>
    <counter name="Rendering.XmlControlsCompiled" description="The total number of XmlControls compiled."/>
    <counter name="Rendering.XslTransformsRendered" description="The total number of XslTransforms rendered."/>
    <counter name="Rendering.XamlControlsCompiled" description="The total number of XAML compiled controls."/>
  </category>
  <category name="Sitecore.Security" description="Sitecore security related counters">
    <counter name="AccessDenied" description="The total number of access requests that have been denied."/>
    <counter name="AccessGranted" description="The total number of access requests that have been granted."/>
    <counter name="AccessResolved" description="The total number of access requests that have been resolved."/>
    <counter name="CredentialCacheHits" description="The total number of security rquests that have been resolved using a credential cache."/>
    <counter name="CredentialCacheMisses" description="The total number of security rquests that could not be resolved using a credential cache."/>
    <counter name="ModifyRequests" description="The total number of access requests where the desired access would allow the caller to modify data (ie. update or delete an item)."/>
    <counter name="ProgrammaticDisabling" description="The total number of times that security has been programmatically disabled (using SecurityDisabler)."/>
    <counter name="ProgrammaticEnabling" description="The total number of times that security has been programmatically enabled (using SecurityEnabler)."/>
    <counter name="ProgrammaticUserSwitch" description="The total number of times that the current user has been switched programmatically (using SecuritySwitcher)."/>
    <counter name="ReadRequests" description="The total number of access requests where the desired access would allow the caller to read data (ie. reading an item)."/>
    <counter name="UsersResolved" description="The total number of users that have been resolved."/>
    <counter name="RolesResolved" description="The total number of roles that have been resolved."/>
    <counter name="VirtualUsersBuilt" description="The total number of virutal users that have been built."/>
  </category>
  <category name="Sitecore.System" description="Sitecore system related counters">
    <counter name="Events.EventsRaised" description="The total number of events that have been raised by the API."/>
    <counter name="Exceptions.ExceptionsThrown" description="The total number of exceptions thrown by the API."/>
    <counter name="IO.FileWatcherEvents" description="The total number of file watcher events that have been handled by the API."/>
    <counter name="Logging.AuditsLogged" description="The number of audit messages that have been sent to the log."/>
    <counter name="Logging.ErrorsLogged" description="The number of error messages that have been sent to the log."/>
    <counter name="Logging.FatalsLogged" description="The number of fatal messages that have been sent to the log."/>
    <counter name="Logging.InformationsLogged" description="The number of information messages that have been sent to the log."/>
    <counter name="Logging.WarningsLogged" description="The number of warning messages that have been sent to the log."/>
    <counter name="Reflection.MethodsInvoked" description="The total number of methods that have been invoked through reflection."/>
    <counter name="Reflection.ObjectsCreated" description="The total number of objects that have been created using reflection."/>
    <counter name="Reflection.ObjectsNotCreated" description="The total number of objects where the creation through reflection failed (due to unknown types or constructors)."/>
    <counter name="Reflection.TypesResolved" description="The total number of types that have been resolved using reflection."/>
    <counter name="Reflection.TypesNotResolved" description="The total number of types where the resolving through reflection failed (due to unknown types or other causes)."/>
    <counter name="Threading.BackgroundThreadsStarted" description="The total number of background threads that have been started by the API."/>
    <counter name="Threading.ThreadDataModified" description="The total number of times data in a thread local storage (TLS) slot have been modified."/>
    <counter name="Threading.ThreadDataRead" description="The total number of times data in a thread local storage (TLS) slot have been read."/>
    <counter name="Xml.ItemNavigatorsCreated" description="The total number of ItemNavigator instances that have been created."/>
    <counter name="Xml.PacketsCreated" description="The total number of Packet instances that have been created."/>
  </category>
</counters>
